,City ID,City,Country,Lat,Lon,Date (UTC),Clouds (%),Humidity (%),Max Temp (F),Wind Speed (mph)
0,3038789,Abbeville,FR,50.1,1.83,1600268812,100,64,78.01,30.713135261700003
1,292968,Abu Dhabi,AE,24.47,54.37,1600268514,99,29,100.4,15.5019684897
2,1732356,Abucay,PH,14.77,120.48,1600268813,40,88,78.8,12.661059401400001
3,3533462,Acapulco de Juárez,MX,16.86,-99.89,1600268813,90,88,80.6,5.010737289600001
4,2448083,Agadez,NE,19.75,10.25,1600268813,33,10,103.24,9.0595919745
5,2194098,Ahipara,NZ,-35.17,173.17,1600268813,0,89,51.82,5.4133858218
6,5856516,‘Āhuimanu,US,21.44,-157.84,1600268813,40,69,78.8,13.018969207800001
7,1651810,Airai,TL,-8.93,125.41,1600268814,66,95,57.02,5.0554760154
8,5882953,Aklavik,CA,68.22,-135.01,1600268536,75,80,33.8,15.5019684897
9,3569379,Alacranes,CU,22.77,-81.57,1600268814,20,83,82.4,15.5019684897
10,5322745,Alameda,US,37.6,-121.88,1600268553,90,93,64.0,10.513600563
11,5106841,Albany,US,42.6,-73.97,1600268598,0,65,61.0,13.2650321997
12,2022083,Alekseyevsk,RU,57.84,108.35,1600268815,0,77,45.43,8.5674659907
13,2077895,Alice Springs,AU,-23.7,133.88,1600268815,72,22,78.8,18.007337134500002
14,4036284,Alofi,NU,-19.06,-169.92,1600268815,75,88,69.8,31.0263063423
15,1278969,Along,IN,28.17,94.77,1600268815,100,89,72.23,1.5434860401
16,1529651,Altay,CN,47.87,88.12,1600268815,7,42,57.4,11.1623120871
17,1731248,Alugan,PH,12.22,125.48,1600268816,100,84,80.1,23.622047222400003
18,2079582,Alyangula,AU,-13.85,136.42,1600268816,100,88,73.4,15.1664280462
19,245338,Am Timan,TD,11.03,20.28,1600268528,36,70,87.55,4.7646742977
20,1083724,Ambanja,MG,-13.68,48.45,1600268816,22,79,75.54,8.4108804504
21,1082243,Ambilobe,MG,-13.2,49.05,1600268816,34,64,76.19,10.1556907566
22,1079048,Ambovombe,MG,-25.17,46.08,1600268817,0,81,70.16,19.6179312633
23,1078553,Ampanihy,MG,-24.7,44.75,1600268817,0,34,82.17,19.908732981
24,3899695,Ancud,CL,-41.87,-73.82,1600268599,98,86,46.0,40.3319613087
25,1052944,Angoche,MZ,-16.23,39.91,1600268817,0,71,77.13,30.713135261700003
26,1071296,Antalaha,MG,-14.9,50.28,1600268817,22,75,71.49,23.622047222400003
27,3899539,Antofagasta,CL,-23.65,-70.4,1600268818,90,67,57.2,18.007337134500002
28,3471848,Aracruz,BR,-19.82,-40.27,1600268818,75,88,77.0,20.5127057793
29,2460954,Araouane,ML,18.9,-3.53,1600268818,0,8,110.23,39.3253399782
30,6621469,Arrondissement d'Arcachon,FR,44.59,-1.05,1600268818,2,38,91.4,28.5209376975
31,143083,Ardabil,IR,38.25,48.29,1600268818,40,77,66.2,36.0370436319
32,3407194,Areia Branca,BR,-4.96,-37.14,1600268819,40,30,96.8,18.007337134500002
33,3471451,Arraial do Cabo,BR,-22.97,-42.03,1600268819,40,69,80.6,25.5234430689
34,686090,Asău,RO,46.43,26.4,1600268819,7,55,75.99,11.9005010628
35,2537881,Safi,MA,32.3,-9.24,1600268819,100,80,72.09,16.7546528121
36,359783,Assiut,EG,27.18,31.18,1600268819,0,28,96.8,20.5127057793
37,1528796,At-Bashi,KG,41.17,75.81,1600268820,2,41,54.12,10.1109520308
38,1651103,Atambua,ID,-9.11,124.89,1600268820,62,87,69.76,7.247673579600001
39,2381334,Atar,MR,20.52,-13.05,1600268820,0,13,107.22,14.763779514
40,1526041,Atasū,KZ,48.68,71.64,1600268820,58,36,56.48,29.728883294099997
41,4020109,Atuona,PF,-9.8,-139.03,1600268821,1,77,77.47,48.6981030333
42,3406961,Augusto Corrêa,BR,-1.02,-46.63,1600268821,27,53,89.17,23.0180744241
43,2109701,Auki,SB,-8.77,160.7,1600268821,92,86,78.15,11.699176796700002
44,4035715,Avarua,CK,-21.21,-159.78,1600268822,100,78,71.6,7.5161059344
45,4231997,Avera,US,33.19,-82.53,1600268822,90,88,68.0,25.5234430689
46,3946937,Azángaro,PE,-14.92,-70.22,1600268822,43,46,52.3,2.3487831045000003
47,5889745,Baie-Comeau,CA,49.22,-68.15,1600268822,90,100,44.6,18.007337134500002
48,2252606,Bakel,SN,14.9,-12.46,1600268822,6,38,99.18,27.2235146493
49,1728675,Balabac,PH,7.99,117.06,1600268823,100,82,81.43,37.6700071236
50,161616,Balkanabat,TM,39.51,54.37,1600268823,0,28,76.68,26.4629563107
51,141736,Bam,IR,29.11,58.36,1600268823,0,17,76.08,29.728883294099997
52,1106677,Bambous Virieux,MU,-20.34,57.76,1600268823,75,60,71.6,25.5234430689
53,3512067,Baní,DO,18.28,-70.33,1600268824,20,74,88.0,15.5019684897
54,2656391,Bankfoot,GB,56.5,-3.5,1600268824,72,78,57.0,8.94774516
55,2038446,Baoqing,CN,46.33,132.21,1600268824,100,87,58.37,23.8233714885
56,3946820,Barranca,PE,-10.75,-77.77,1600268800,65,72,64.08,20.4679670535
57,5880054,Barrow,US,71.29,-156.79,1600268824,90,93,35.6,38.5200429138
58,2032614,Baruun-Urt,MN,46.68,113.28,1600268825,98,75,46.47,26.5300643994
59,2027044,Batagay,RU,67.63,134.63,1600268825,17,84,38.34,3.6462061527
60,2027042,Batagay-Alyta,RU,67.8,130.41,1600268825,28,84,36.05,4.4515032171
61,2389691,Batangafo,CF,7.3,18.28,1600268825,27,71,85.89,2.1027201126
62,3374083,Bathsheba,BB,13.22,-59.52,1600268825,40,62,89.6,36.0370436319
63,3405940,Bayeux,BR,-7.12,-34.93,1600268826,75,69,82.4,38.5200429138
64,4147241,Belle Glade,US,26.68,-80.67,1600268695,69,76,87.01,11.2070508129
65,1067565,Beloha,MG,-25.17,45.05,1600268826,0,56,75.25,27.7156406331
66,1510377,Belyy Yar,RU,53.6,91.39,1600268606,97,87,51.8,3.6462061527
67,1649150,Bengkulu,ID,-3.8,102.27,1600268826,15,87,76.57,16.2625268283
68,2026861,Berdigestyakh,RU,62.1,126.7,1600268827,23,86,41.83,1.5434860401
69,3105522,Bereda,ES,43.27,-7.54,1600268827,100,45,84.99,35.7686112771
70,2026786,Berezovyy,RU,51.67,135.7,1600268827,96,90,56.55,10.3122762969
71,2126710,Beringovskiy,RU,63.05,179.32,1600268827,100,88,45.63,26.6642805768
72,1066831,Beroroha,MG,-21.67,45.17,1600268827,18,23,85.93,5.4581245476
73,5282297,Bethel,US,41.37,-73.41,1600268658,1,72,63.0,15.5019684897
74,1276328,Bhadrāchalam,IN,17.67,80.88,1600268828,64,90,80.33,11.1175733613
75,1275978,Bhikangaon,IN,21.87,75.95,1600268825,84,84,80.73,13.1084466594
76,1637001,Biak,ID,-0.91,122.88,1600268599,90,76,75.27,12.7057981272
77,775922,Biłgoraj,PL,50.54,22.72,1600268828,93,56,86.0,2.2593056529
78,2126682,Bilibino,RU,68.05,166.44,1600268828,99,84,38.64,5.010737289600001
79,2446796,Bilma,NE,18.69,12.92,1600268570,18,14,103.71,14.607193973700001
80,2175819,Biloela,AU,-24.42,150.5,1600268829,2,89,58.69,11.2070508129
81,1648759,Bima,ID,-8.47,118.72,1600268829,98,86,74.64,5.6594488137
82,4747845,Blacksburg,US,37.23,-80.41,1600268829,40,82,61.0,7.0463493135
83,2206939,Bluff,NZ,-46.6,168.33,1600268829,100,75,51.01,15.658554030000001
84,5329649,Blythe,US,33.61,-114.6,1600268829,1,18,80.6,13.018969207800001
85,3580733,Bodden Town,KY,19.28,-81.25,1600268830,20,70,89.6,15.5019684897
86,1509844,Boguchany,RU,58.38,97.45,1600268830,100,71,50.56,13.757158183500001
87,1525121,Borovskoy,KZ,53.8,64.15,1600268830,98,92,46.53,30.2210092779
88,64013,Bosaso,SO,11.28,49.18,1600268830,20,79,91.4,20.5127057793
89,2290956,Bouaké,CI,7.69,-5.02,1600268831,40,94,73.4,15.5019684897
90,1648082,Boyolangu,ID,-8.12,111.89,1600268831,65,87,73.35,3.8475304188
91,2654970,Brae,GB,60.4,-1.35,1600268587,20,62,53.6,10.513600563
92,5019116,Brainerd,US,46.36,-94.2,1600268657,1,67,59.0,23.0180744241
93,1015776,Bredasdorp,ZA,-34.53,20.04,1600268564,64,55,64.4,33.531674987100004
94,711416,Brody,UA,50.09,25.15,1600268831,76,59,77.05,12.2136721434
95,5110365,Broome,US,42.25,-75.83,1600268831,0,72,61.0,15.658554030000001
96,2109528,Buala,SB,-8.14,159.59,1600268832,63,81,80.74,28.4761989717
97,2374583,Bubaque,GW,11.28,-15.83,1600268832,5,79,81.05,21.9667143678
98,4255151,Bud,US,39.45,-86.18,1600268832,1,87,60.01,7.158196128
99,571155,Buinsk,RU,54.95,48.28,1600268832,75,62,53.6,50.040264807300005
100,2173323,Bundaberg,AU,-24.85,152.35,1600268833,40,93,62.01,18.007337134500002
101,234178,Bundibugyo,UG,0.74,30.04,1600268833,74,80,78.24,3.3106657092000003
102,1275097,Būndu,IN,23.18,85.58,1600268833,75,78,82.4,5.010737289600001
103,2173125,Burnie,AU,-41.07,145.92,1600268833,87,74,48.99,17.9178596829
104,2075265,Busselton,AU,-33.65,115.33,1600268581,0,84,53.01,28.3196134314
105,2110227,Butaritari,KI,3.07,172.79,1600268834,40,72,83.14,40.689871115100004
106,1722028,Cabadiangan,PH,9.75,122.47,1600268834,100,90,76.87,18.9692197392
107,3985710,Cabo San Lucas,MX,22.89,-109.91,1600268601,81,73,84.99,20.3113815132
108,2270385,Camacha,PT,33.08,-16.33,1600268834,40,83,69.8,33.531674987100004
109,3945985,Camaná,PE,-16.62,-72.71,1600268835,74,72,64.13,22.7272727064
110,5913695,Cambridge,CA,43.36,-80.31,1600268831,1,72,68.0,31.0263063423
111,3664716,Canutama,BR,-6.53,-64.38,1600268835,15,39,96.13,10.603078014600001
112,934649,Cap Malheureux,MU,-19.98,57.61,1600268835,22,71,70.0,8.94774516
113,3369157,Cape Town,ZA,-33.93,18.42,1600268545,90,87,59.0,46.528274832
114,3466980,Caravelas,BR,-17.71,-39.25,1600268835,1,60,79.84,23.0180744241
115,2074865,Carnarvon,AU,-24.87,113.63,1600268835,0,88,68.0,38.5200429138
116,2965761,Carndonagh,IE,55.25,-7.27,1600268836,75,88,66.2,20.5127057793
117,2387495,Carnot,CF,4.94,15.87,1600268836,99,81,79.34,8.455619176199999
118,4563243,Carolina,PR,18.38,-65.96,1600268836,40,66,90.0,31.0263063423
119,3466704,Castro,BR,-24.79,-50.01,1600268836,59,38,80.89,23.1075518757
120,3382160,Cayenne,GF,4.93,-52.33,1600268836,40,62,87.8,15.5019684897
121,3698608,Celendín,PE,-6.87,-78.15,1600268837,90,51,62.6,5.010737289600001
122,3531368,Celestún,MX,20.87,-90.4,1600268837,66,75,84.99,25.2102719883
123,1161724,Chabahar,IR,25.29,60.64,1600268837,20,70,87.8,25.5234430689
124,2025630,Chara,RU,56.91,118.26,1600268542,45,74,41.63,11.453113804800001
125,2126199,Cherskiy,RU,68.75,161.3,1600268837,100,90,40.55,15.412491038099999
126,3698359,Chicama,PE,-7.84,-79.15,1600268837,27,57,71.2,19.013958465
127,3943957,Chilca,PE,-12.52,-76.74,1600268838,90,82,60.8,10.513600563
128,2126123,Chokurdakh,RU,70.63,147.92,1600268838,81,93,32.97,3.9593772333
129,3077584,Chrastava,CZ,50.82,14.97,1600268838,39,48,82.0,14.9203650543
130,2192362,Christchurch,NZ,-43.53,172.63,1600268688,100,50,53.6,18.007337134500002
131,1507679,Chulym,RU,55.1,80.96,1600268838,47,65,53.1,16.0164638364
132,3443061,Chui,UY,-33.7,-53.46,1600268838,53,77,62.29,15.457229763900001
133,3466165,Cidreira,BR,-30.18,-50.21,1600268839,100,90,66.2,11.5649606193
134,5338122,Clovis,US,36.83,-119.7,1600268839,75,72,64.99,3.2435576205
135,5924351,Clyde River,CA,70.47,-68.59,1600268839,40,85,32.0,20.5127057793
136,5924618,Cochrane,CA,51.18,-114.47,1600268708,90,87,46.0,10.513600563
137,3576994,Cockburn Town,TC,21.46,-71.14,1600268839,9,74,83.52,19.8639942552
138,2171099,Codrington,AU,-38.27,141.97,1600268839,100,94,52.21,7.5161059344
139,3686142,Coello,CO,4.29,-74.9,1600268840,100,72,78.57,4.1607014994
140,3894426,Coyhaique,CL,-45.58,-72.07,1600268840,40,45,44.6,7.5161059344
141,2269142,Colares,PT,38.8,-9.45,1600268840,20,57,77.0,31.0263063423
142,5859699,College,US,64.86,-147.8,1600268840,90,93,46.4,6.9121331361
143,2501152,Constantine,DZ,36.37,6.61,1600268840,20,35,86.0,20.5127057793
144,3893726,Constitución,CL,-35.33,-72.42,1600268841,0,68,59.61,24.8747315448
145,5720495,Coos Bay,US,43.37,-124.22,1600268794,40,100,57.99,7.5161059344
146,3893629,Coquimbo,CL,-29.95,-71.34,1600268841,40,67,57.2,7.5161059344
147,5418104,Cortez,US,37.35,-108.59,1600268821,1,70,64.0,6.8450250474
148,1047660,Cuamba,MZ,-14.8,36.54,1600268841,85,27,86.43,5.301539007300001
149,3680539,Cuaspud,CO,0.86,-77.73,1600268841,75,62,57.2,10.513600563
150,1584071,Da Lat,VN,11.95,108.44,1600268842,100,100,62.62,5.7489262653
151,340358,Dabat,ET,12.98,37.77,1600268842,80,91,58.57,7.7621689263
152,2632287,Dalvik,IS,65.97,-18.53,1600268842,75,57,50.0,43.530780203400006
153,2345096,Daura,NG,11.55,11.41,1600268842,88,67,82.58,30.0644237376
154,1715335,Davila,PH,18.47,120.58,1600268842,53,76,82.94,10.8044022807
155,1293625,Dawei,MM,14.08,98.2,1600268843,100,88,78.12,3.2435576205
156,1645528,Denpasar,ID,-8.65,115.22,1600268843,40,100,80.6,18.007337134500002
157,2028164,Deputatsky,RU,69.3,139.9,1600268843,100,84,37.6,3.6462061527
158,3464724,Diamantino,BR,-14.41,-56.45,1600268843,0,16,101.32,18.9692197392
159,3892454,Diego de Almagro,CL,-26.37,-70.05,1600268843,0,18,75.49,12.616320675599999
160,1507390,Dikson,RU,73.51,80.55,1600268843,100,100,43.66,19.3718682714
161,1714733,Dingle,PH,11.0,122.67,1600268844,100,95,75.87,15.5019684897
162,1812728,Dingzhou,CN,38.51,115.0,1600268710,0,55,66.2,9.9991052163
163,3053623,Döbrököz,HU,46.42,18.24,1600268844,100,37,84.2,20.5127057793
164,3464547,Dom Pedrito,BR,-30.98,-54.67,1600268844,100,94,57.47,11.3188976274
165,2168305,Dubbo,AU,-32.25,148.62,1600268845,50,71,57.2,13.018969207800001
166,2191562,Dunedin,NZ,-45.87,170.5,1600268845,100,89,50.0,4.4515032171
167,4011741,Durango,MX,24.83,-104.83,1600268667,22,75,63.18,5.4581245476
168,5520677,Eagle Pass,US,28.71,-100.5,1600268845,5,69,80.01,8.7464208939
169,1006984,East London,ZA,-33.02,27.91,1600268575,75,82,62.6,25.5234430689
170,1524325,Ekibastuz,KZ,51.67,75.37,1600268846,48,38,58.06,29.4157122135
171,4465088,Elizabeth City,US,36.29,-76.25,1600268846,40,78,75.99,13.018969207800001
172,2071860,Esperance,AU,-33.87,121.9,1600268846,90,100,51.8,23.0180744241
173,2125693,Evensk,RU,61.95,159.23,1600268846,41,68,42.15,16.553328546
174,4034551,Faanui,PF,-16.48,-151.75,1600268846,1,80,77.79,31.317108060000002
175,5861897,Fairbanks,US,64.84,-147.72,1600268847,90,93,46.4,7.113457402200001
176,2649738,Fairlie,GB,55.76,-4.86,1600268847,86,80,57.99,8.94774516
177,110690,Faya,SA,18.39,42.45,1600268847,40,60,78.8,23.0180744241
178,5954718,Flin Flon,CA,54.77,-101.86,1600268847,20,70,32.0,28.5209376975
179,6255012,Flinders,AU,-34.58,150.86,1600268847,54,76,57.99,2.2593056529
180,3156980,Florø,NO,61.6,5.03,1600268848,20,58,55.4,28.5209376975
181,3176748,Forio,IT,40.73,13.86,1600268848,75,58,82.99,13.018969207800001
182,3463066,Forquilhinha,BR,-28.75,-49.47,1600268848,100,86,66.74,5.3462777331
183,5577158,Fort Morgan,US,40.25,-103.8,1600268848,1,55,60.8,43.530780203400006
184,5955902,Fort Nelson,CA,58.81,-122.7,1600268849,75,88,32.0,4.8094130235
185,4111410,Fort Smith,US,35.39,-94.4,1600268821,1,83,71.6,7.5161059344
186,5563839,Fortuna,US,40.6,-124.16,1600268849,1,88,64.0,28.5209376975
187,1863997,Fukuechō,JP,32.69,128.84,1600268849,100,86,76.95,23.957587665900004
188,4993659,Garden City,US,42.33,-83.33,1600268849,75,76,64.0,23.0180744241
189,293842,Kiryat Gat,IL,31.61,34.76,1600268850,0,9,87.01,31.317108060000002
190,616646,Geghamasar,AM,40.31,45.68,1600268850,20,81,57.27,9.9096277647
191,337010,Gelemso,ET,8.82,40.52,1600268850,21,68,68.25,16.7099140863
192,1735106,George Town,MY,5.41,100.34,1600268611,20,83,82.4,5.010737289600001
193,2070998,Geraldton,AU,-28.77,114.6,1600268804,0,82,55.4,25.5234430689
194,3357247,Gobabis,NA,-22.45,18.97,1600268850,0,13,79.34,19.3718682714
195,2165087,Gold Coast,AU,-28.0,153.43,1600268851,40,93,60.01,7.5161059344
196,934479,Grand Gaube,MU,-20.01,57.66,1600268851,16,71,70.0,8.94774516
197,2288105,Grand-Lahou,CI,5.14,-5.02,1600268851,48,79,78.69,28.073550439500004
198,5729080,Grants Pass,US,42.44,-123.33,1600268639,75,87,59.0,2.1921975642000002
199,5965462,Gravelbourg,CA,49.88,-106.55,1600268851,0,68,45.63,11.5649606193
200,4021858,Guerrero Negro,MX,27.98,-114.06,1600268797,0,60,77.22,15.1216893204
201,1283368,Gulariyā,NP,28.23,81.33,1600268852,97,86,84.0,6.71080887
202,1270667,Gunupur,IN,19.08,83.82,1600268852,53,91,79.59,9.1490694261
203,1863495,Gushikawa,JP,26.35,127.87,1600268852,1,88,82.4,10.513600563
204,5354943,Half Moon Bay,US,37.46,-122.43,1600268853,90,100,64.99,11.2070508129
205,1244926,Hambantota,LK,6.12,81.12,1600268853,20,88,82.4,28.5209376975
206,4513583,Hamilton,US,39.18,-84.53,1600268853,20,72,69.01,4.0041159591
207,2112802,Hasaki,JP,35.73,140.83,1600268853,75,100,72.0,13.018969207800001
208,4470244,Havelock,US,34.88,-76.9,1600268853,79,82,80.01,22.7720114322
209,5972291,Havre-St-Pierre,CA,50.23,-63.6,1600268854,40,81,48.2,15.5019684897
210,5505411,Henderson,US,36.04,-114.98,1600268815,1,13,80.01,18.007337134500002
211,3356832,Henties Bay,NA,-22.12,14.28,1600268854,0,76,60.01,13.399248377100001
212,3366880,Hermanus,ZA,-34.42,19.23,1600268854,81,91,55.99,13.399248377100001
213,2146219,Hervey Bay,AU,-25.3,152.85,1600268854,0,87,63.0,6.71080887
214,5855927,Hilo,US,19.73,-155.09,1600268855,20,64,69.8,15.5019684897
215,1282256,Hithadhoo,MV,-0.6,73.08,1600268855,99,72,82.85,22.2127773597
216,2163355,Hobart,AU,-42.88,147.33,1600268855,75,87,48.2,36.0370436319
217,2108502,Honiara,SB,-9.43,159.95,1600268633,40,94,77.0,22.7272727064
218,779554,Honningsvåg,NO,70.98,25.97,1600268586,75,75,46.4,23.0180744241
219,4328010,Houma,US,29.6,-90.72,1600268855,10,72,82.0,13.399248377100001
220,1516048,Khovd,MN,48.01,91.64,1600268855,27,39,54.39,3.0422333544000004
221,3939761,Hualmay,PE,-11.1,-77.61,1600268856,38,68,65.25,21.921975642000003
222,3939168,Huarmey,PE,-10.07,-78.15,1600268856,55,68,66.31,20.6245525938
223,2629833,Husavik,IS,66.04,-17.34,1600268856,75,57,50.0,43.530780203400006
224,3423146,Ilulissat,GL,69.22,-51.1,1600268856,75,60,39.2,10.513600563
225,5983175,Ingersoll,CA,43.03,-80.88,1600268856,75,72,66.99,31.0263063423
226,4997130,Ingham,US,42.6,-84.38,1600268857,1,67,66.0,13.018969207800001
227,1045114,Inhambane,MZ,-23.86,35.38,1600268857,20,78,78.8,36.0370436319
228,238566,Ippy,CF,6.27,21.22,1600268857,36,77,84.38,4.1607014994
229,5983720,Iqaluit,CA,63.75,-68.51,1600268837,75,64,37.4,5.010737289600001
230,3887127,Iquique,CL,-20.22,-70.14,1600268857,90,63,62.6,13.018969207800001
231,2136825,Isangel,VU,-19.55,169.27,1600268858,93,79,70.88,30.2210092779
232,1222662,Isfana,KG,39.84,69.53,1600268858,20,37,71.6,9.9991052163
233,1861416,Ishigaki,JP,24.34,124.16,1600268858,70,82,84.56,33.1737651807
234,3393692,Itarema,BR,-2.92,-39.92,1600268858,16,50,88.39,40.689871115100004
235,1861280,Itoman,JP,26.12,127.67,1600268858,75,83,82.4,10.513600563
236,1269503,Jaisinghnagar,IN,23.7,81.38,1600268859,98,80,79.92,4.7646742977
237,86049,Jalu,LY,29.03,21.55,1600268859,5,12,104.94,11.453113804800001
238,5122534,Jamestown,US,42.1,-79.24,1600268671,1,76,61.0,13.018969207800001
239,3460148,Januária,BR,-15.48,-44.37,1600268859,0,21,89.69,21.2732641179
240,3460136,Japaratuba,BR,-10.59,-36.94,1600268859,20,54,84.2,33.531674987100004
241,1642773,Japura,ID,-0.32,102.35,1600268860,95,86,77.31,4.7646742977
242,4392354,Jasper,US,37.2,-94.35,1600268860,1,77,73.99,4.496241942899999
243,1269126,Jāwad,IN,24.6,74.85,1600268860,83,52,84.06,1.8566571207
244,1792087,Yinzhu,CN,35.88,119.98,1600268860,98,56,72.0,15.0098425059
245,333795,Jijiga,ET,9.35,42.8,1600268860,58,71,67.37,13.1531853852
246,1175712,Jiwani,PK,25.05,61.74,1600268861,25,73,84.18,30.2210092779
247,373303,Juba,SS,4.85,31.58,1600268861,12,60,86.52,4.6528274832
248,215605,Kabare,CD,-2.47,28.82,1600268861,98,48,74.95,1.0513600563
249,5847411,Kahului,US,20.89,-156.47,1600268611,1,68,73.0,20.5127057793
250,2208248,Kaitangata,NZ,-46.28,169.85,1600268861,98,64,48.99,4.4515032171
251,1242110,Kalmunai,LK,7.42,81.82,1600268861,94,67,85.06,16.1730493767
252,553766,Kamenka,RU,51.32,42.77,1600268862,13,44,61.0,16.463851094400002
253,933692,Kang,BW,-23.68,22.79,1600268862,82,13,84.61,21.921975642000003
254,3422683,Kangaatsiaq,GL,68.31,-53.46,1600268862,100,91,39.31,15.3677523123
255,5848280,Kapaa,US,22.08,-159.32,1600268862,75,83,75.2,13.018969207800001
256,1528121,Karakol,KG,42.49,78.39,1600268863,1,40,55.8,6.9568718619
257,1267776,Kargil,IN,34.57,76.1,1600268863,4,36,57.07,19.7745168036
258,2701715,Karlskoga,SE,59.33,14.52,1600268863,39,41,61.0,43.530780203400006
259,6620339,Karratha,AU,-20.74,116.85,1600268863,88,60,77.47,29.728883294099997
260,1267635,Karwar,IN,14.8,74.13,1600268863,55,87,78.85,19.2600214569
261,1280849,Kashgar,CN,39.45,75.98,1600268864,0,31,73.4,5.010737289600001
262,2068655,Katherine,AU,-14.47,132.27,1600268864,100,32,82.4,20.5127057793
263,1283240,Kathmandu,NP,27.72,85.32,1600268864,40,94,71.6,10.513600563
264,1640972,Katobu,ID,-4.94,122.53,1600268864,23,90,72.48,7.3595203941000005
265,2112309,Katsuura,JP,35.13,140.3,1600268864,75,83,77.0,15.5019684897
266,2094342,Kavieng,PG,-2.57,150.8,1600268864,18,81,82.96,31.6750178664
267,1859740,Kawagoe,JP,35.91,139.49,1600268865,75,88,73.99,9.1490694261
268,1640902,Kawalu,ID,-7.38,108.21,1600268865,31,87,68.2,3.3106657092000003
269,2455517,Kayes,ML,14.0,-11.0,1600268865,91,73,86.94,24.8747315448
270,1504075,Kazachinskoye,RU,57.7,93.28,1600268865,62,81,52.39,13.2202934739
271,1640344,Kendari,ID,-3.94,122.5,1600268731,66,84,73.8,2.3487831045000003
272,2022572,Khatanga,RU,71.97,102.5,1600268866,81,85,49.55,14.316392256
273,2161515,Kiama,AU,-34.68,150.87,1600268866,52,76,57.99,2.2593056529
274,2094027,Kieta,PG,-6.22,155.63,1600268866,38,82,79.2,16.105941288
275,2314705,Kikwit,CD,-5.04,18.82,1600268866,89,40,91.53,7.8516463779
276,2093967,Kimbe,PG,-5.55,150.14,1600268866,61,87,76.23,8.0082319182
277,2314302,Kinshasa,CD,-4.32,15.32,1600268701,20,52,87.8,10.513600563
278,2178753,Kirakira,SB,-10.45,161.92,1600268867,95,82,79.68,36.887079422099994
279,212730,Kisangani,CD,0.52,25.2,1600268580,97,58,87.55,5.5476019992
280,230893,Kitgum,UG,3.28,32.89,1600268867,71,64,80.01,8.052970644
281,2618795,Klaksvík,FO,62.23,-6.59,1600268867,99,87,50.0,23.0180744241
282,547677,Kletskaya,RU,49.31,43.06,1600268867,29,37,63.0,8.94774516
283,7671223,Kloulklubed,PW,7.04,134.26,1600268868,75,88,78.8,17.0230851669
284,4634946,Knoxville,US,35.96,-83.92,1600268584,90,73,73.99,10.6478167404
285,5866583,Saint Paul Harbor,US,57.79,-152.41,1600268868,100,81,50.11,9.4175017809
286,1266330,Kokrajhar,IN,26.4,90.27,1600268868,84,87,79.57,4.1607014994
287,1513491,Yangi Marg`ilon,UZ,40.43,71.72,1600268868,0,46,71.6,10.513600563
288,1529376,Korla,CN,41.76,86.15,1600268869,0,22,70.65,13.5110951916
289,544318,Kosa,RU,59.94,55.0,1600268869,100,94,47.25,31.7197565922
290,544084,Koslan,RU,63.46,48.9,1600268869,100,74,45.1,13.757158183500001
291,1265888,Kovūr,IN,14.48,79.98,1600268869,46,74,84.11,16.7546528121
292,3072929,Kralupy nad Vltavou,CZ,50.24,14.31,1600268852,36,39,84.2,13.018969207800001
293,1502073,Krasnosel'kup,RU,65.7,82.47,1600268869,0,73,53.91,30.713135261700003
294,986717,Kruisfontein,ZA,-34.0,24.73,1600268870,0,53,64.99,13.399248377100001
295,2407262,Kukuna,SL,9.4,-12.67,1600268870,51,71,86.49,10.8491410065
296,2229748,Kumbo,CM,6.2,10.67,1600268870,90,89,66.22,5.100214741199999
297,2698767,Kumla,SE,59.13,15.14,1600268870,49,41,59.0,43.530780203400006
298,705852,Kyrylivka,UA,46.38,35.37,1600268871,0,65,72.27,19.125805279500003
299,5364022,La Palma,US,33.85,-118.05,1600268746,1,59,64.4,6.7555475958
300,6050066,La Ronge,CA,55.1,-105.28,1600268871,20,68,30.2,15.5019684897
301,8079926,Labuhan,ID,-6.88,112.21,1600268871,46,71,79.92,11.9676091515
302,3372964,Lagoa,PT,39.05,-27.98,1600268614,49,72,65.77,45.9914101224
303,5364271,Laguna,US,38.42,-121.42,1600268871,1,87,61.0,7.5161059344
304,1638775,Lahat,ID,-3.8,103.53,1600268872,12,84,74.03,4.9436292009
305,2136697,Lakatoro,VU,-16.1,167.42,1600268872,63,80,76.89,31.9658195841
306,779082,Lakselv,NO,70.05,24.97,1600268617,75,76,50.0,18.007337134500002
307,332288,Lalibela,ET,12.03,39.03,1600268872,42,66,65.3,5.8607730798
308,189741,Lamu,KE,-2.27,40.9,1600268872,20,65,82.4,28.5209376975
309,2738381,Lata,PT,40.16,-8.33,1600268872,100,41,84.99,16.7099140863
310,4031637,Lavrentiya,RU,65.58,-171.0,1600268873,97,93,44.19,9.3056549664
311,935616,Le Port,RE,-20.94,55.29,1600268822,20,60,69.8,28.5209376975
312,3883457,Lebu,CL,-37.62,-73.65,1600268873,95,85,52.18,2.9974946286
313,2123814,Leningradskiy,RU,69.38,178.42,1600268873,100,93,37.17,12.2136721434
314,371466,Leer,SS,8.3,30.14,1600268873,71,68,86.43,1.7000715804
315,3728097,Les Cayes,HT,18.2,-73.75,1600268873,53,71,84.42,33.979062245099996
316,4360592,Lexington Park,US,38.27,-76.45,1600268874,1,60,70.0,10.5583392888
317,2772480,Liezen,AT,47.57,14.23,1600268874,36,53,81.0,10.513600563
318,5072006,Lincoln,US,40.8,-96.67,1600268810,0,84,69.01,2.2593056529
319,1803331,Linxia Chengguanzhen,CN,35.6,103.21,1600268874,100,80,51.53,10.2675375711
320,1803267,Lishan,CN,31.86,113.3,1600268874,100,53,70.88,12.549212586900001
321,2644210,Liverpool,GB,53.41,-2.98,1600268845,75,77,68.0,33.531674987100004
322,3118304,Llanes,ES,43.42,-4.75,1600268875,60,72,82.0,17.0678238927
323,2258378,Loandjili,CG,-4.76,11.86,1600268875,90,74,78.8,28.5209376975
324,5198635,Lock Haven,US,41.14,-77.45,1600268740,0,76,62.01,2.2593056529
325,1313479,Loikaw,MM,19.67,97.21,1600268875,100,93,70.92,5.3462777331
326,5367788,Lompoc,US,34.64,-120.46,1600268858,90,100,52.0,7.5161059344
327,2729907,Longyearbyen,SJ,78.22,15.64,1600268586,75,64,35.6,20.5127057793
328,2092164,Lorengau,PG,-2.02,147.27,1600268876,82,81,82.24,27.066929109
329,2514651,Los Llanos de Aridane,ES,28.66,-17.92,1600268876,98,35,87.8,7.5161059344
330,2997395,Lourdes,FR,43.1,-0.05,1600268876,79,31,87.8,18.007337134500002
331,1655559,Luang Prabang,LA,19.89,102.13,1600268876,88,86,76.23,2.3487831045000003
332,145724,Lucapa,AO,-8.42,20.74,1600268759,29,32,90.16,6.4647458781000005
333,2875484,Luckenwalde,DE,52.08,13.17,1600268876,99,43,84.99,6.71080887
334,3355672,Lüderitz,NA,-26.65,15.16,1600268590,0,52,62.64,61.538117337900005
335,4035249,Lufilufi,WS,-13.87,-171.6,1600268877,20,83,75.2,53.149606250400005
336,2997075,Arrondissement de Lure,FR,47.75,6.5,1600268877,75,60,75.2,20.5127057793
337,981158,Lydenburg,ZA,-25.1,30.46,1600268877,27,25,84.99,17.9178596829
338,1264643,Machhlīshahr,IN,25.68,82.42,1600268877,20,79,87.8,5.010737289600001
339,2159220,Mackay,AU,-21.15,149.2,1600268878,75,88,69.8,25.5234430689
340,2962745,Macroom,IE,51.9,-8.95,1600268878,75,73,73.4,15.5019684897
341,532292,Magnitka,RU,55.35,59.7,1600268878,100,92,48.34,21.6759126501
342,1062553,Mahanoro,MG,-19.9,48.8,1600268878,0,73,69.51,19.125805279500003
343,934322,Mahébourg,MU,-20.41,57.7,1600268878,75,60,71.6,25.5234430689
344,155274,Mahenge,TZ,-8.68,36.72,1600268879,68,36,80.44,11.2070508129
345,2441447,Maïné Soroa,NE,13.21,12.02,1600268879,76,31,97.72,25.277380077000004
346,5850554,Makakilo City,US,21.35,-158.09,1600268879,1,83,75.2,7.5161059344
347,125188,Malārd,IR,35.67,50.98,1600268879,0,21,86.0,15.5019684897
348,3381041,Mana,GF,5.66,-53.78,1600268879,57,57,88.32,6.7555475958
349,3663517,Manaus,BR,-3.1,-60.02,1600268647,75,70,84.2,23.0180744241
350,1263776,Mangan,IN,27.52,88.53,1600268880,98,59,76.14,2.8632784512000002
351,1636426,Manggar,ID,-2.88,108.27,1600268880,0,79,80.19,19.7074087149
352,1263752,Māngrol,IN,21.12,70.12,1600268880,99,77,82.13,20.3113815132
353,3421982,Maniitsoq,GL,65.42,-52.9,1600268880,96,89,38.95,36.5739083415
354,209598,Manono,CD,-7.3,27.42,1600268881,7,33,93.51,7.6950608376
355,3174050,Province of Mantua,IT,45.17,10.78,1600268881,0,42,87.01,4.4515032171
356,3430863,Mar del Plata,AR,-38.0,-57.56,1600268835,100,76,53.6,31.0263063423
357,370510,Marabba,SD,12.35,32.18,1600268881,31,44,92.48,15.412491038099999
358,3633009,Maracaibo,VE,10.63,-71.64,1600268881,38,56,89.44,3.8475304188
359,1701054,Marawi,PH,8.0,124.29,1600268881,100,95,75.0,6.71080887
360,304797,Mardin,TR,37.31,40.74,1600268882,0,11,100.4,20.5127057793
361,2158767,Mareeba,AU,-17.0,145.43,1600268882,75,83,73.4,20.5127057793
362,2643044,Margate,GB,51.38,1.39,1600268882,88,75,69.01,17.9178596829
363,6067472,Marystown,CA,47.17,-55.15,1600268882,0,100,60.01,11.2070508129
364,72181,Marzuq,YE,14.4,46.47,1600268883,37,12,91.27,19.6179312633
365,878054,Masuguru,TZ,-11.37,38.42,1600268883,0,20,94.12,11.855762337
366,1235846,Matara,LK,5.95,80.54,1600268883,93,88,79.2,22.1680386339
367,6201424,Mataura,NZ,-46.19,168.86,1600268883,100,75,51.01,15.658554030000001
368,778707,Mehamn,NO,71.04,27.85,1600268883,75,76,50.0,10.513600563
369,4163971,Melbourne,US,28.08,-80.61,1600268776,75,74,87.8,25.5234430689
370,527740,Melenki,RU,55.33,41.63,1600268884,52,69,53.04,9.5964566841
371,2082539,Merauke,ID,-8.47,140.33,1600268884,100,82,78.8,34.1803865112
372,154097,Mgandu,TZ,-5.95,34.13,1600268884,33,22,84.56,19.125805279500003
373,3374462,Mindelo,CV,16.89,-24.98,1600268884,20,66,86.0,31.0263063423
374,921786,Mitsamiouli,KM,-11.38,43.28,1600268884,30,74,77.45,9.5517179583
375,3674676,Mitú,CO,1.2,-70.17,1600268884,100,60,85.35,4.6975662090000005
376,2214827,Mizdah,LY,31.45,12.98,1600268885,8,35,83.52,38.7884752686
377,1024312,Mocuba,MZ,-16.84,36.99,1600268885,92,24,92.55,15.457229763900001
378,4034188,Moerai,PF,-22.43,-151.33,1600268885,94,87,72.79,35.2764852933
379,53654,Mogadishu,SO,2.04,45.34,1600268796,20,65,82.4,41.0254115586
380,2274895,Monrovia,LR,6.3,-10.8,1600268786,75,79,84.2,28.5209376975
381,3456814,Montes Claros,BR,-16.73,-43.86,1600268885,12,32,82.4,23.0180744241
382,1058381,Morondava,MG,-20.28,44.28,1600268886,87,72,78.67,25.724767335
383,2156643,Mount Gambier,AU,-37.83,140.77,1600268886,90,100,51.8,15.5019684897
384,2065594,Mount Isa,AU,-20.73,139.5,1600268886,0,31,60.8,14.1598067157
385,186180,Moyale,KE,3.52,39.06,1600268886,1,33,83.17,22.0561918194
386,153176,Mpanda,TZ,-6.37,31.04,1600268886,77,20,91.44,6.3528990636
387,645765,Muhos,FI,64.81,25.99,1600268887,90,93,46.4,43.530780203400006
388,3115824,Muros,ES,42.78,-9.06,1600268887,100,67,81.0,11.2070508129
389,1498161,Muzhi,RU,65.37,64.67,1600268887,100,81,52.92,28.1630278911
390,1035025,Nacala,MZ,-14.54,40.67,1600268887,0,69,76.91,17.5152111507
391,1337616,Naifaru,MV,5.44,73.37,1600268887,1,77,82.06,16.911238352399998
392,2214432,Nālūt,LY,30.33,10.85,1600268888,2,24,88.45,29.4828203022
393,3347019,Mossamedes,AO,-15.2,12.15,1600268888,0,72,68.0,38.5200429138
394,3421765,Nanortalik,GL,60.14,-45.24,1600268888,100,92,42.76,31.8316034067
395,4944903,Nantucket,US,41.28,-70.1,1600268888,1,68,64.4,28.5209376975
396,3421719,Narsaq,GL,60.92,-46.05,1600268888,75,75,46.4,7.5161059344
397,1261736,Narwar,IN,25.65,77.9,1600268888,9,58,84.42,13.2202934739
398,1855540,Naze,JP,28.37,129.48,1600268889,100,94,80.6,10.513600563
399,175499,Nchelenge,ZM,-9.35,28.73,1600268889,16,42,84.27,12.4149964095
400,523051,Nebolchi,RU,59.12,33.35,1600268889,83,65,57.38,22.973335698299998
401,3430443,Necochea,AR,-38.55,-58.74,1600268690,70,83,52.0,33.5764137129
402,4032420,Neiafu,TO,-18.65,-173.98,1600268889,20,73,73.4,23.0180744241
403,522871,Neklyudovo,RU,56.41,43.98,1600268890,40,62,53.6,15.0098425059
404,2155562,Nelson Bay,AU,-32.72,152.15,1600268890,0,93,61.0,13.018969207800001
405,2128975,Nemuro,JP,43.32,145.57,1600268890,59,89,64.92,25.612920520499998
406,3843123,Neuquén,AR,-38.95,-68.06,1600268890,15,62,51.8,5.010737289600001
407,7872718,Neusiedl am See,AT,47.94,16.83,1600268890,100,42,82.0,18.007337134500002
408,2155415,New Norfolk,AU,-42.78,147.06,1600268891,100,74,48.0,6.71080887
409,4945283,Newton,US,42.34,-71.21,1600268891,1,59,68.0,28.5209376975
410,546105,Nikolskoye,RU,59.7,30.79,1600268891,75,72,60.8,35.0304223014
411,2412408,Nioro,GM,13.35,-15.75,1600268891,77,68,88.14,15.3230135865
412,3393922,Nísia Floresta,BR,-6.09,-35.21,1600268892,75,65,84.2,41.0254115586
413,2019199,Nizhneangarsk,RU,55.78,109.55,1600268892,9,85,44.91,4.2054402252
414,5870133,Nome,US,64.5,-165.41,1600268642,75,87,48.99,43.530780203400006
415,6089245,Norman Wells,CA,65.28,-126.83,1600268892,75,86,33.8,10.513600563
416,3456248,Nortelândia,BR,-14.45,-56.8,1600268892,0,15,102.85,16.463851094400002
417,2377457,Nouadhibou,MR,20.93,-17.03,1600268892,0,64,79.95,32.2789906647
418,2377450,Nouakchott,MR,18.09,-15.98,1600268893,0,46,91.4,36.0370436319
419,2139521,Noumea,NC,-22.28,166.46,1600268893,90,72,68.0,7.5161059344
420,1497210,Novoagansk,RU,61.94,76.66,1600268893,88,83,53.2,18.7231567473
421,699328,Novopokrovka,UA,49.84,36.55,1600268893,4,46,71.6,5.010737289600001
422,517813,Novotroitskaya,RU,45.33,41.53,1600268893,16,31,75.2,20.020579795499998
423,3421319,Nuuk,GL,64.18,-51.72,1600268894,90,100,39.2,18.007337134500002
424,3373652,Oistins,BB,13.07,-59.53,1600268894,40,62,89.6,36.0370436319
425,3354898,Okahandja,NA,-21.98,16.92,1600268894,0,3,78.8,5.010737289600001
426,2122605,Okhotsk,RU,59.38,143.3,1600268894,4,88,47.57,6.9121331361
427,3414079,Olafsvik,IS,64.89,-23.71,1600268894,100,86,48.67,90.9314601885
428,2989611,Olivet,FR,47.86,1.9,1600268895,34,40,93.99,15.5019684897
429,2396853,Omboué,GA,-1.57,9.26,1600268895,52,73,79.38,25.5234430689
430,2122493,Omsukchan,RU,62.53,155.8,1600268895,25,94,32.56,5.100214741199999
431,3354077,Opuwo,NA,-18.06,13.84,1600268896,0,10,86.88,31.8763421325
432,3354071,Oranjemund,NA,-28.55,16.43,1600268897,0,66,59.23,38.02791693
433,5307540,Oro Valley,US,32.39,-110.97,1600268765,0,37,77.0,2.2593056529
434,2122389,Ossora,RU,59.24,163.07,1600268897,0,77,42.33,8.500357902
435,556268,Ostrovnoy,RU,68.05,39.51,1600268897,72,77,46.08,17.4704724249
436,2185329,Otane,NZ,-39.88,176.63,1600268897,45,72,51.01,22.3693629
437,1495812,Ous,RU,60.91,61.52,1600268898,98,81,54.32,32.167143850200006
438,2246901,Oussouye,SN,12.48,-16.55,1600268898,75,75,91.4,15.5019684897
439,1151528,Pa Sang,TH,18.53,98.94,1600268898,40,74,82.4,20.5127057793
440,3421193,Paamiut,GL,61.99,-49.67,1600268799,100,95,41.13,39.4819255185
441,5380437,Pacific Grove,US,36.62,-121.92,1600268898,90,100,55.99,13.018969207800001
442,5380420,Pacifica,US,37.61,-122.49,1600268816,90,93,64.99,10.401753748500001
443,1633419,Padang,ID,-0.95,100.35,1600268776,79,76,79.16,9.2161775148
444,226853,Paidha,UG,2.42,30.99,1600268899,69,86,70.65,2.5501073705999997
445,1608048,Pak Kret,TH,13.91,100.5,1600268899,20,83,86.0,23.0180744241
446,1734313,Paka,MY,4.64,103.44,1600268899,100,94,80.6,5.010737289600001
447,1260707,Pālitāna,IN,21.52,71.83,1600268899,83,79,83.21,17.8060128684
448,4946620,Palmer,US,42.16,-72.33,1600268900,20,59,68.0,18.007337134500002
449,3521972,Panabá,MX,21.28,-88.27,1600268900,89,77,85.42,23.6667859482
450,6096551,Pangnirtung,CA,66.15,-65.71,1600268900,20,69,35.6,15.5019684897
451,1495626,Pangody,RU,65.85,74.49,1600268900,51,74,52.68,23.264137416
452,6929460,Panzhihua,CN,26.59,101.71,1600268900,97,84,70.0,4.3620257655
453,6100069,Peace River,CA,56.25,-117.29,1600268901,20,75,37.0,23.0180744241
454,1631637,Pemangkat,ID,1.17,108.97,1600268901,98,79,77.59,20.9600930373
455,2264923,Peniche,PT,39.36,-9.38,1600268879,83,63,82.99,17.9178596829
456,2122090,Pevek,RU,69.7,170.31,1600268901,80,85,38.37,11.6544380709
457,3392095,Pimenteiras,BR,-6.25,-41.42,1600268901,0,25,97.56,17.5599498765
458,3453827,Pindobaçu,BR,-10.74,-40.36,1600268880,60,42,83.41,26.8208661171
459,3932145,Pisco,PE,-13.7,-76.22,1600268902,90,77,64.4,5.010737289600001
460,2986795,Plérin,FR,48.54,-2.78,1600268902,4,77,69.8,15.5019684897
461,2986626,Plouzané,FR,48.38,-4.62,1600268902,76,73,78.8,25.5234430689
462,2245170,Podor,MR,16.65,-14.96,1600268902,0,28,102.45,29.6841445683
463,508034,Podporozh'ye,RU,60.91,34.17,1600268903,100,80,50.43,18.7678954731
464,1282898,Pokhara,NP,28.23,83.98,1600268903,80,84,72.01,4.0935934107000005
465,2264557,Ponta do Sol,PT,32.67,-17.1,1600268903,75,73,73.4,18.007337134500002
466,964432,Port Alfred,ZA,-33.59,26.89,1600268903,0,65,62.56,51.0916248636
467,3489005,Port Antonio,JM,18.18,-76.46,1600268903,20,66,87.8,5.010737289600001
468,1259385,Port Blair,IN,11.67,92.75,1600268904,100,77,83.1,35.231746567500004
469,964420,Port Elizabeth,ZA,-33.92,25.57,1600268904,0,63,62.6,51.5390121216
470,6111862,Port Hardy,CA,50.7,-127.42,1600268904,90,100,55.4,6.8002863216
471,6111867,Port Hawkesbury,CA,45.62,-61.35,1600268905,1,62,59.0,23.0180744241
472,2063042,Port Hedland,AU,-20.32,118.57,1600268905,95,88,77.0,23.0180744241
473,2063036,Port Lincoln,AU,-34.73,135.87,1600268905,100,90,56.17,38.8332139944
474,2152659,Port Macquarie,AU,-31.43,152.92,1600268644,41,99,57.0,18.0744452232
475,2088122,Port Moresby,PG,-9.44,147.18,1600268905,40,94,77.0,28.5209376975
476,358619,Port Said,EG,31.26,32.28,1600268905,0,70,86.0,15.5019684897
477,5746545,Portland,US,45.52,-122.68,1600268695,90,87,60.01,7.5161059344
478,3452711,Porto Nacional,BR,-10.71,-48.42,1600268906,0,26,95.0,46.528274832
479,3702577,Portobelo,PA,9.55,-79.65,1600268906,14,83,84.99,11.2070508129
480,2138555,Poum,NC,-20.23,164.02,1600268906,86,73,72.23,28.5656764233
481,3372760,Praia da Vitória,PT,38.73,-27.07,1600268906,40,49,71.6,51.6508589361
482,5545269,Price,US,39.6,-110.81,1600268907,1,23,53.6,7.5161059344
483,1630639,Pringsewu,ID,-5.36,104.97,1600268907,34,87,72.45,10.4688618372
484,3521108,Progreso,MX,21.28,-89.67,1600268907,75,88,86.0,20.5127057793
485,4031574,Provideniya,RU,64.38,-173.3,1600268907,96,90,44.35,4.2949176768
486,3629710,Puerto Ayacucho,VE,5.66,-67.62,1600268907,75,88,77.0,5.010737289600001
487,3652764,Puerto Ayora,EC,-0.74,-90.35,1600268907,100,93,66.0,20.110057247100002
488,2512186,Puerto del Rosario,ES,28.5,-13.86,1600268908,100,39,84.2,28.5209376975
489,3520994,Puerto Escondido,MX,15.85,-97.07,1600268613,75,78,77.0,15.5019684897
490,504187,Puksoozero,RU,62.59,40.61,1600268908,100,74,46.24,11.699176796700002
491,3874787,Punta Arenas,CL,-53.15,-70.92,1600268739,90,69,35.6,20.5127057793
492,1539210,Purpe,RU,64.48,76.69,1600268909,65,68,55.99,31.317108060000002
493,3831208,Qaanaaq,GL,77.48,-69.36,1600268909,0,80,20.75,10.066213305
494,1519928,Kostanay,KZ,53.17,63.58,1600268909,90,93,48.2,45.0295275177
495,1106643,Quatre Cocos,MU,-20.21,57.76,1600268909,75,60,71.6,25.5234430689
496,6115187,Quesnel,CA,53.0,-122.5,1600268909,90,100,44.6,7.5161059344
497,3372745,Rabo de Peixe,PT,37.8,-25.58,1600268910,40,60,69.8,38.5200429138
498,118826,Rāmhormoz,IR,31.28,49.6,1600268910,20,19,105.8,31.0263063423
499,5768244,Rapid Valley,US,44.06,-103.15,1600268910,1,76,54.0,15.5019684897
500,3146487,Raudeberg,NO,61.99,5.14,1600268911,0,72,52.0,43.0386542196
501,92004,Rāwah,IQ,34.48,41.91,1600268911,0,14,96.51,11.2517895387
502,3839307,Rawson,AR,-43.3,-65.1,1600268911,39,41,54.84,58.2945597174
503,3372707,Ribeira Grande,PT,38.52,-28.7,1600268911,20,56,69.8,31.0263063423
504,2847319,Ried,DE,48.48,11.26,1600268911,68,61,80.01,7.5161059344
505,4030556,Rikitea,PF,-23.12,-134.97,1600268912,1,79,72.97,20.6245525938
506,3838859,Río Gallegos,AR,-51.62,-69.22,1600268912,100,48,39.2,59.055118056
507,3451138,Rio Grande,BR,-32.03,-52.1,1600268912,96,90,61.07,16.1730493767
508,2274275,Robertsport,LR,6.75,-11.37,1600268912,4,78,79.95,24.9194702706
509,3571592,Rock Sound,BS,24.9,-76.2,1600268912,88,75,82.53,28.5656764233
510,3665210,Rodrigues Alves,BR,-7.74,-72.65,1600268912,85,78,82.4,10.513600563
511,5134295,Rome,US,43.21,-75.46,1600268885,1,67,63.0,18.007337134500002
512,1797117,Rongcheng,CN,30.63,117.85,1600268913,100,94,71.31,6.263421612
513,5606000,Rupert,US,42.62,-113.68,1600268818,1,75,46.4,7.5161059344
514,1214026,Sabang,ID,5.89,95.32,1600268913,0,75,83.53,43.7321044695
515,5546220,Saint George,US,37.1,-113.58,1600268913,1,20,70.0,13.018969207800001
516,6137462,Saint-Augustin,CA,51.23,-58.65,1600268913,4,47,54.84,30.9815676165
517,6138802,Saint-Michel-des-Saints,CA,46.68,-73.92,1600268914,98,77,58.46,26.3734788591
518,935215,Saint-Philippe,RE,-21.36,55.77,1600268914,90,60,71.6,10.513600563
519,935214,Saint-Pierre,RE,-21.34,55.48,1600268914,90,60,71.6,10.513600563
520,3361934,Saldanha,ZA,-33.01,17.94,1600268914,48,72,60.8,23.0180744241
521,2537763,Salé,MA,34.04,-6.82,1600268915,97,69,77.0,31.0263063423
522,3838233,Salta,AR,-24.79,-65.41,1600268915,0,45,68.0,7.5161059344
523,2132606,Samarai,PG,-10.62,150.67,1600268915,56,87,79.03,35.119899753
524,1628884,Sampit,ID,-2.53,112.95,1600268915,94,86,76.51,4.8094130235
525,3905792,San Borja,BO,-14.82,-66.85,1600268916,11,25,98.49,9.753042224400001
526,3628473,San Cristobal,VE,7.77,-72.22,1600268916,40,83,80.6,7.5161059344
527,1690039,San Fernando,PH,15.03,120.69,1600268772,75,94,78.8,10.513600563
528,3437056,San Lorenzo,PY,-25.33,-57.53,1600268698,75,77,68.0,15.5019684897
529,3985168,San Patricio,MX,19.22,-104.7,1600268916,75,78,80.6,15.5019684897
530,1688696,San Policarpo,PH,12.18,125.51,1600268917,100,83,80.85,26.172154593
531,3984997,San Quintín,MX,30.48,-115.95,1600268917,0,31,84.27,20.825876859900003
532,3836669,San Rafael,AR,-34.62,-68.33,1600268917,9,38,61.43,15.7032927558
533,5392593,San Ramon,US,37.78,-121.98,1600268861,90,93,64.0,10.513600563
534,5392952,Santa Barbara,US,34.42,-119.7,1600268712,0,66,70.0,4.5633500316
535,3537840,Santa Cruz del Sur,CU,20.71,-78.0,1600268917,91,66,85.96,25.858983512400002
536,3389622,Santa Helena,BR,-2.23,-45.3,1600268918,29,56,88.86,17.4704724249
537,3389609,Santa Inês,BR,-3.67,-45.38,1600268918,37,43,91.53,13.5110951916
538,3450083,Santa Maria,BR,-29.68,-53.81,1600268716,100,93,64.94,7.8069076521000005
539,3668605,Santa Marta,CO,11.24,-74.2,1600268755,75,74,86.0,5.010737289600001
540,3109718,Santander,ES,43.46,-3.8,1600268918,46,83,75.99,15.5019684897
541,3871336,Santiago,CL,-33.46,-70.65,1600268723,20,67,64.0,7.5161059344
542,3449340,São Borja,BR,-28.66,-56.0,1600268919,100,82,68.32,4.6080887574
543,3374210,São Filipe,CV,14.9,-24.5,1600268919,92,75,82.47,11.3636363532
544,3448455,São Miguel do Araguaia,BR,-13.28,-50.16,1600268919,35,17,98.28,21.9667143678
545,1687186,Sarangani,PH,5.4,125.46,1600268919,100,82,80.11,23.577308496599997
546,1687167,Saraza,PH,8.74,117.78,1600268919,100,81,78.48,19.3047601827
547,2017155,Saskylakh,RU,71.92,114.08,1600268919,89,87,44.04,8.8582677084
548,6141439,Sault Ste. Marie,CA,46.52,-84.33,1600268920,90,87,57.2,15.5019684897
549,637292,Savonlinna,FI,61.87,28.88,1600268920,90,93,51.8,28.5209376975
550,2150163,Sawtell,AU,-30.38,153.1,1600268920,19,77,64.4,18.007337134500002
551,70979,Sayyan,YE,15.17,44.32,1600268920,53,21,72.86,27.4248389154
552,3691954,Sechura,PE,-5.56,-80.82,1600268920,44,64,69.35,21.4074802953
553,898947,Senanga,ZM,-16.12,23.27,1600268921,78,16,93.02,13.399248377100001
554,6144312,Sept-Îles,CA,50.2,-66.38,1600268921,90,100,43.0,20.5127057793
555,2121385,Severo-Kuril'sk,RU,50.68,156.12,1600268921,100,75,52.27,12.4149964095
556,667303,Sfântu Gheorghe,RO,45.87,25.78,1600268921,0,35,80.01,13.399248377100001
557,1492499,Shagonar,RU,51.53,92.8,1600268922,96,61,54.16,3.802791693
558,6145890,Shelburne,CA,44.08,-80.2,1600268922,17,52,69.01,39.4819255185
559,1852357,Shimoda,JP,34.67,138.95,1600268922,100,96,68.0,11.5649606193
560,1847947,Shingū,JP,33.73,135.98,1600268799,98,86,71.87,8.4108804504
561,608271,Shubarkuduk,KZ,49.14,56.49,1600268922,53,56,53.37,45.0742662435
562,608270,Shubarshi,KZ,48.59,57.19,1600268923,75,52,53.83,34.8290980353
563,3139597,Sistranda,NO,63.73,8.83,1600268923,75,61,50.0,43.530780203400006
564,5557293,Sitka,US,57.05,-135.33,1600268923,40,87,46.4,10.513600563
565,2961459,Skibbereen,IE,51.55,-9.27,1600268923,75,73,69.8,15.5019684897
566,777682,Skjervøy,NO,70.03,20.97,1600268924,75,81,46.4,38.5200429138
567,6149374,Slave Lake,CA,55.28,-114.77,1600268924,1,100,28.4,18.007337134500002
568,525426,Sobolevo,RU,54.43,31.9,1600268924,91,85,64.49,17.313886884600002
569,1626703,Soe,ID,-9.86,124.28,1600268924,24,100,63.18,10.960987821000002
570,2134814,Sola,VU,-13.88,167.55,1600268924,78,79,79.47,57.6011094675
571,2016307,Solnechnyy,RU,50.72,136.63,1600268925,100,91,54.01,7.247673579600001
572,3137469,Sørland,NO,67.67,12.69,1600268925,75,61,48.2,41.0254115586
573,933995,Souillac,MU,-20.52,57.52,1600268925,75,60,71.6,25.5234430689
574,4409896,Springfield,US,37.22,-93.3,1600268851,1,77,77.0,13.018969207800001
575,2121025,Srednekolymsk,RU,67.45,153.68,1600268926,100,87,40.77,16.463851094400002
576,2636790,Stornoway,GB,58.21,-6.39,1600268926,20,67,60.01,25.5234430689
577,286245,Sur,OM,22.57,59.53,1600268926,0,66,82.67,7.4489978457
578,2015852,Svetlaya,RU,46.54,138.33,1600268926,100,92,61.72,18.1639226748
579,10722858,Forsytheganj,BY,52.63,29.73,1600268926,11,63,72.7,16.1730493767
580,2294915,Takoradze,GH,4.88,-1.76,1600268927,82,86,76.86,33.6658911645
581,3870282,Talcahuano,CL,-36.72,-73.12,1600268927,40,76,57.2,10.513600563
582,1490256,Talnakh,RU,69.49,88.4,1600268927,0,71,50.0,15.0098425059
583,3870243,Taltal,CL,-25.4,-70.48,1600268927,11,56,62.56,15.3230135865
584,3927942,Tambopata,PE,-12.73,-69.18,1600268927,24,74,82.4,10.513600563
585,2450173,Taoudenni,ML,22.68,-3.98,1600268928,0,9,110.37,51.44953467
586,1490085,Tarko-Sale,RU,64.92,77.78,1600268928,12,68,55.99,34.023800970900005
587,101554,Tārūt,SA,26.57,50.04,1600268928,0,23,104.0,38.5200429138
588,3424607,Tasiilaq,GL,65.61,-37.64,1600268929,90,80,41.0,46.528274832
589,1566559,Tay Ninh,VN,11.3,106.1,1600268929,100,85,80.53,18.2086614006
590,2181625,Te Anau,NZ,-45.42,167.72,1600268929,99,88,46.83,20.825876859900003
591,1489822,Tegul'det,RU,57.31,88.17,1600268929,100,89,55.8,11.6544380709
592,6162949,Terrace,CA,54.52,-128.6,1600268917,20,93,48.2,18.007337134500002
593,2449893,Tessalit,ML,20.2,1.01,1600268930,0,8,106.09,14.204545441499999
594,4033375,Tevaitoa,PF,-16.78,-151.5,1600268930,2,78,78.96,41.6741230827
595,1254709,Tezu,IN,27.92,96.17,1600268930,97,87,74.61,8.0977093698
596,1150338,Tha Chang,TH,9.26,99.19,1600268874,20,100,82.0,7.5161059344
597,1337610,Thinadhoo,MV,0.53,72.93,1600268930,100,70,83.21,23.4207229563
598,6165406,Thompson,CA,55.74,-97.86,1600268931,20,74,30.2,31.0263063423
599,4033356,Tiarei,PF,-17.53,-149.33,1600268881,75,78,75.2,10.513600563
600,2015306,Tiksi,RU,71.69,128.87,1600268931,100,79,42.3,7.158196128
601,2120591,Tilichiki,RU,60.47,166.1,1600268931,0,90,37.22,11.1623120871
602,2527087,Tiznit Province,MA,29.58,-9.5,1600268931,100,21,89.31,28.431460245900002
603,6167817,Torbay,CA,47.67,-52.73,1600268724,20,52,59.0,28.5209376975
604,2635650,Torquay,GB,50.46,-3.51,1600268850,1,6,75.0,14.965103780100002
605,3382867,Totness,SR,5.88,-56.32,1600268932,65,58,87.96,5.2568002815
606,3386213,Touros,BR,-5.2,-35.46,1600268932,75,66,84.2,33.531674987100004
607,3446098,Três Lagoas,BR,-20.75,-51.68,1600268765,0,14,97.83,29.974946286
608,1226260,Trincomalee,LK,8.57,81.23,1600268932,100,73,83.55,26.574803125200003
609,3133983,Trofors,NO,65.53,13.41,1600268932,40,66,50.0,31.0263063423
610,1489209,Troitskoye,RU,52.98,84.68,1600268933,100,56,62.87,14.2716535302
611,6453316,Tromsø,NO,69.65,18.96,1600268933,75,75,46.4,31.0263063423
612,1489138,Tselinnoye,RU,53.08,85.67,1600268933,100,63,61.9,32.8158553743
613,2400547,Tsogni,GA,-2.79,10.1,1600268933,100,81,76.37,22.2127773597
614,2180815,Tuatapere,NZ,-46.13,167.68,1600268934,99,75,51.01,15.658554030000001
615,88834,Tūkrah,LY,32.53,20.58,1600268934,3,68,81.64,30.914459527800002
616,6170031,Tuktoyaktuk,CA,69.45,-133.04,1600268934,75,89,32.0,23.0180744241
617,1583992,Turan,VN,16.07,108.22,1600268934,40,79,86.0,5.010737289600001
618,1540475,Turtas,RU,58.94,69.13,1600268935,92,93,47.43,13.869004998000001
619,1488903,Turukhansk,RU,65.82,87.98,1600268935,0,69,54.66,32.7263779227
620,5404198,Twentynine Palms,US,34.14,-116.05,1600268901,1,18,75.99,18.007337134500002
621,6171633,Ucluelet,CA,48.93,-125.55,1600268935,90,100,63.0,7.5161059344
622,2014624,Udachny,RU,66.42,112.4,1600268936,91,62,51.8,5.010737289600001
623,479553,Ufimskiy,RU,56.71,58.05,1600268936,100,91,49.01,36.7304938818
624,479471,Ugra,RU,54.78,34.33,1600268936,98,82,61.21,11.9676091515
625,1515029,Ulaangom,MN,49.98,92.07,1600268936,38,50,50.7,4.8094130235
626,364933,Umm Kaddadah,SD,13.6,26.69,1600268936,69,20,99.34,17.1125626185
627,100926,Umluj,SA,25.02,37.27,1600268937,71,50,92.66,8.2095561843
628,3625710,Upata,VE,8.01,-62.4,1600268937,85,65,90.0,6.71080887
629,3418910,Upernavik,GL,72.79,-56.15,1600268937,100,86,30.22,20.266642787400002
630,945945,Upington,ZA,-28.45,21.26,1600268938,0,13,68.0,18.007337134500002
631,3445713,Uruaçu,BR,-14.52,-49.14,1600268938,3,18,95.23,18.7231567473
632,1529102,Ürümqi,CN,43.8,87.6,1600268892,0,28,69.8,5.010737289600001
633,1517637,Ushtobe,KZ,45.25,77.98,1600268938,0,27,67.41,12.661059401400001
634,3833367,Ushuaia,AR,-54.8,-68.3,1600268938,75,69,37.4,41.0254115586
635,863061,Usinsk,RU,65.99,57.53,1600268939,99,82,45.86,29.1249104958
636,2013952,Ust'-Ilimsk,RU,58.0,102.66,1600268939,22,66,45.99,7.5608446602
637,2013921,Ust-Kuyga,RU,70.02,135.6,1600268939,39,86,37.67,4.5633500316
638,2013918,Ust-Maya,RU,60.42,134.53,1600268939,0,91,39.13,4.496241942899999
639,2120048,Ust-Nera,RU,64.57,143.2,1600268940,57,84,35.65,10.6478167404
640,2013894,Ust'-Ordynskiy,RU,52.8,104.75,1600268940,0,100,46.4,15.0098425059
641,4032243,Vaini,TO,-21.2,-175.2,1600268940,20,73,69.8,25.5234430689
642,4033077,Vaitape,PF,-16.52,-151.75,1600268940,1,78,78.64,31.2723693342
643,3868707,Valdivia,CL,-39.81,-73.25,1600268940,75,81,50.0,13.018969207800001
644,3868633,Vallenar,CL,-28.57,-70.76,1600268941,0,30,72.81,11.2517895387
645,2084442,Vanimo,PG,-2.67,141.3,1600268941,62,84,78.69,11.7662848854
646,726050,Varna,BG,43.22,27.92,1600268941,0,50,80.6,31.0263063423
647,475469,Verkhnetulomskiy,RU,68.61,31.8,1600268941,100,93,46.4,4.250178951
648,2013639,Verkhnevilyuysk,RU,63.45,120.32,1600268941,48,92,44.46,2.2593056529
649,2013465,Verkhoyansk,RU,67.54,133.38,1600268942,30,79,40.33,3.7580529672
650,2610343,Vestmanna,FO,62.16,-7.17,1600268942,100,87,50.0,23.0180744241
651,3412093,Vestmannaeyjar,IS,63.44,-20.27,1600268942,90,87,50.0,74.5570865457
652,1819729,Hong Kong,HK,22.29,114.16,1600268673,8,83,86.0,8.94774516
653,2145214,Victoria Point,AU,-27.58,153.3,1600268942,0,80,60.01,7.158196128
654,3131824,Vigrestad,NO,58.57,5.7,1600268943,0,68,59.0,6.71080887
655,3372472,Vila Franca do Campo,PT,37.72,-25.43,1600268943,40,60,69.8,38.5200429138
656,689198,Volnovakha,UA,47.6,37.5,1600268943,0,100,72.0,13.399248377100001
657,2013279,Vostok,RU,46.49,135.88,1600268943,100,97,55.62,7.0463493135
658,3191281,Vraca,BA,43.84,18.4,1600268943,20,42,82.4,15.5019684897
659,3359736,Vredendal,ZA,-31.67,18.5,1600268944,0,57,61.52,30.0644237376
660,1562414,Vung Tau,VN,10.35,107.08,1600268944,100,78,83.3,35.119899753
661,5062355,Wahpeton,US,46.27,-96.61,1600268944,40,81,54.0,23.0180744241
662,2206874,Waipawa,NZ,-41.41,175.52,1600268944,77,71,55.99,25.5234430689
663,2208091,Waitara,NZ,-38.92,174.25,1600268944,5,76,48.0,13.399248377100001
664,2127515,Wakkanai,JP,45.41,141.67,1600268945,100,91,66.02,23.957587665900004
665,3359638,Walvis Bay,NA,-22.96,14.51,1600268945,0,42,68.0,41.0254115586
666,2634739,Warrington,GB,53.39,-2.58,1600268945,75,77,66.99,33.531674987100004
667,4954611,Watertown,US,42.37,-71.18,1600268870,75,63,68.0,33.531674987100004
668,204283,Watsa,CD,3.04,29.54,1600268946,100,82,75.06,5.7936649911
669,4915725,Wauconda,US,42.26,-88.14,1600268946,0,79,70.0,13.399248377100001
670,4928096,West Lafayette,US,40.43,-86.91,1600268913,1,82,66.0,17.0230851669
671,1803936,Wuwei,CN,37.93,102.64,1600268946,100,34,60.15,24.4720830126
672,1789647,Xichang,CN,27.9,102.26,1600268946,100,73,66.34,5.7936649911
673,1486321,Yar-Sale,RU,66.83,70.83,1600268947,92,80,49.24,20.1547959729
674,4956335,Yarmouth,US,41.71,-70.23,1600268947,75,68,69.01,31.0263063423
675,1786855,Yatou,CN,37.15,122.38,1600268947,100,64,61.97,12.3702576837
676,6185377,Yellowknife,CA,62.46,-114.35,1600268947,75,64,39.0,15.5019684897
677,2012956,Yerbogachën,RU,61.28,108.01,1600268921,38,71,45.82,4.4515032171
678,6355222,Yulara,AU,-25.24,130.99,1600268865,19,19,75.2,15.5019684897
679,1121143,Zabul Province,AF,32.25,67.25,1600268948,0,21,66.49,23.622047222400003
680,111453,Zanjān,IR,36.67,48.48,1600268948,40,18,82.4,20.5127057793
681,235826,Zemio,CF,5.03,25.14,1600268948,6,72,83.52,7.8516463779
682,1785036,Zhangye,CN,38.93,100.45,1600268949,18,26,61.11,9.5069792325
683,2012530,Zhigansk,RU,66.77,123.37,1600268949,0,81,42.19,13.0637079336
684,1485020,Znamenskoye,RU,57.13,73.83,1600268949,100,84,49.35,21.5193271098
685,3690608,Zorritos,PE,-3.68,-80.68,1600268949,56,71,74.73,17.1125626185
686,2119283,Zyryanka,RU,65.75,150.85,1600268950,100,86,42.85,8.8135289826
